Ticker,Date,270-day Return,GDX 270-day Return,Net 270-day Return Delta,Z-score of Net 270-day Return Delta
"ABX,Toronto",2025-11-20,91.92%,86.96%,4.96%,1.90
"ABX,Toronto",2025-12-19,132.79%,114.86%,17.94%,6.86
"K,Toronto",2025-04-28,28.53%,20.97%,7.55%,2.62
"K,Toronto",2025-05-28,28.97%,23.23%,5.74%,1.99
"K,Toronto",2025-06-26,36.08%,24.16%,11.93%,4.15
"K,Toronto",2025-07-22,40.74%,31.77%,8.98%,3.12
"K,Toronto",2025-08-21,70.91%,45.11%,25.80%,8.99
"K,Toronto",2025-09-22,110.96%,81.91%,29.04%,10.12
"K,Toronto",2025-10-22,107.43%,78.14%,29.29%,10.20
"K,Toronto",2025-11-20,115.05%,86.96%,28.09%,9.79
"K,Toronto",2025-12-19,148.24%,114.86%,33.38%,11.63
"K,Toronto",2026-01-22,217.82%,157.39%,60.43%,21.07
"K,Toronto",2026-02-20,188.10%,160.06%,28.04%,9.77
"LUG,Toronto",2025-04-28,34.21%,20.97%,13.24%,3.87
"LUG,Toronto",2025-05-28,55.88%,23.23%,32.65%,9.57
"LUG,Toronto",2025-06-26,75.91%,24.16%,51.76%,15.17
"LUG,Toronto",2025-07-22,58.54%,31.77%,26.77%,7.84
"LUG,Toronto",2025-08-21,89.54%,45.11%,44.43%,13.02
"LUG,Toronto",2025-09-22,118.79%,81.91%,36.87%,10.81
"LUG,Toronto",2025-10-22,131.14%,78.14%,53.00%,15.54
"LUG,Toronto",2025-11-20,149.95%,86.96%,63.00%,18.47
"LUG,Toronto",2025-12-19,172.77%,114.86%,57.91%,16.98
"LUG,Toronto",2026-01-22,185.92%,157.39%,28.53%,8.36
"EDV,Toronto",2025-05-28,40.54%,23.23%,17.31%,6.82
"EDV,Toronto",2025-06-26,40.54%,24.16%,16.38%,6.45
"EDV,Toronto",2025-07-22,41.78%,31.77%,10.01%,3.94
"EDV,Toronto",2025-08-21,54.88%,45.11%,9.77%,3.84
"EDV,Toronto",2025-09-22,86.35%,81.91%,4.43%,1.73
"EDV,Toronto",2025-10-22,88.80%,78.14%,10.66%,4.19
"EDV,Toronto",2025-12-19,133.07%,114.86%,18.22%,7.17
"EDV,Toronto",2026-01-22,163.29%,157.39%,5.90%,2.31
"EDV,Toronto",2026-02-20,187.92%,160.06%,27.86%,10.98
"IMG,Toronto",2025-09-22,98.44%,81.91%,16.53%,5.26
"IMG,Toronto",2025-10-22,101.68%,78.14%,23.53%,7.51
"IMG,Toronto",2025-11-20,116.05%,86.96%,29.09%,9.30
"IMG,Toronto",2025-12-19,177.37%,114.86%,62.51%,20.04
"IMG,Toronto",2026-01-22,230.42%,157.39%,73.03%,23.42
"IMG,Toronto",2026-02-20,264.31%,160.06%,104.25%,33.46
"AG,Toronto",2025-03-27,21.73%,11.99%,9.74%,2.43
"AG,Toronto",2025-06-26,39.44%,24.16%,15.28%,3.86
"AG,Toronto",2025-07-22,47.13%,31.77%,15.36%,3.88
"AG,Toronto",2025-09-22,104.76%,81.91%,22.85%,5.81
"AG,Toronto",2025-10-22,116.12%,78.14%,37.97%,9.70
"AG,Toronto",2025-12-19,181.93%,114.86%,67.07%,17.19
"AG,Toronto",2026-01-22,307.33%,157.39%,149.93%,38.52
"AG,Toronto",2026-02-20,360.32%,160.06%,200.26%,51.48
"ELD,Toronto",2025-04-28,28.20%,20.97%,7.22%,2.51
"ELD,Toronto",2025-05-28,34.19%,23.23%,10.96%,3.81
"ELD,Toronto",2025-06-26,35.59%,24.16%,11.43%,3.98
"ELD,Toronto",2025-07-22,37.71%,31.77%,5.94%,2.06
"ELD,Toronto",2025-08-21,54.95%,45.11%,9.84%,3.42
"ELD,Toronto",2025-09-22,90.15%,81.91%,8.24%,2.86
"ELD,Toronto",2025-12-19,136.75%,114.86%,21.89%,7.63
"ELD,Toronto",2026-01-22,200.87%,157.39%,43.48%,15.17
"ELD,Toronto",2026-02-20,184.11%,160.06%,24.06%,8.39
"NGD,Toronto",2025-03-27,28.29%,11.99%,16.30%,4.84
"NGD,Toronto",2025-05-28,50.87%,23.23%,27.64%,8.27
"NGD,Toronto",2025-06-26,67.25%,24.16%,43.09%,12.92
"NGD,Toronto",2025-07-22,53.85%,31.77%,22.08%,6.59
"NGD,Toronto",2025-08-21,88.34%,45.11%,43.23%,12.96
"NGD,Toronto",2025-09-22,135.48%,81.91%,53.57%,16.08
"NGD,Toronto",2025-10-22,122.58%,78.14%,44.44%,13.33
"NGD,Toronto",2025-11-20,134.24%,86.96%,47.29%,14.19
"NGD,Toronto",2025-12-19,203.97%,114.86%,89.11%,26.80
"NGD,Toronto",2026-01-22,331.51%,157.39%,174.12%,52.42
"NGD,Toronto",2026-02-20,314.14%,160.06%,154.09%,46.38
"DPM,Toronto",2025-07-22,37.71%,31.77%,5.94%,2.23
"DPM,Toronto",2025-08-21,50.06%,45.11%,4.95%,1.86
"DPM,Toronto",2025-10-22,86.47%,78.14%,8.33%,3.14
"DPM,Toronto",2025-11-20,97.71%,86.96%,10.75%,4.06
"DPM,Toronto",2025-12-19,152.47%,114.86%,37.61%,14.29
"DPM,Toronto",2026-01-22,193.41%,157.39%,36.02%,13.68
"DPM,Toronto",2026-02-20,213.41%,160.06%,53.35%,20.28
"OGC,Toronto",2025-05-28,53.77%,23.23%,30.54%,2.23
"OGC,Toronto",2025-06-26,394.47%,24.16%,370.32%,27.95
"OGC,Toronto",2025-07-22,399.50%,31.77%,367.73%,27.75
"OGC,Toronto",2025-08-21,481.16%,45.11%,436.05%,32.92
"OGC,Toronto",2025-09-22,634.92%,81.91%,553.01%,41.77
"OGC,Toronto",2025-10-22,695.48%,78.14%,617.33%,46.64
"OGC,Toronto",2025-11-20,690.20%,86.96%,603.25%,45.58
"OGC,Toronto",2025-12-19,881.91%,114.86%,767.05%,57.97
"OGC,Toronto",2026-01-22,1162.06%,157.39%,1004.67%,75.96
"OGC,Toronto",2026-02-20,1268.59%,160.06%,1108.53%,83.82
"GMIN,Toronto",2025-12-19,165.01%,114.86%,50.16%,14.77
"GMIN,Toronto",2026-01-22,212.09%,157.39%,54.70%,16.11
"GMIN,Toronto",2026-02-20,212.91%,160.06%,52.85%,15.57
"OR,Toronto",2025-05-28,30.13%,23.23%,6.90%,2.83
"OR,Toronto",2025-06-26,31.25%,24.16%,7.09%,2.90
"OR,Toronto",2025-07-22,46.00%,31.77%,14.23%,5.80
"OR,Toronto",2025-08-21,59.47%,45.11%,14.36%,5.85
"OR,Toronto",2025-09-22,92.14%,81.91%,10.23%,4.17
"TFPM,Toronto",2025-06-26,30.85%,24.16%,6.69%,2.62
"ARTG,Venture",2025-05-28,34.21%,23.23%,10.98%,3.85
"ARTG,Venture",2025-06-26,53.01%,24.16%,28.86%,10.11
"ARTG,Venture",2025-07-22,63.18%,31.77%,31.41%,11.00
"ARTG,Venture",2025-08-21,70.72%,45.11%,25.62%,8.98
"ARTG,Venture",2025-09-22,106.03%,81.91%,24.11%,8.45
"ARTG,Venture",2025-10-22,105.72%,78.14%,27.58%,9.66
"ARTG,Venture",2025-11-20,106.57%,86.96%,19.62%,6.87
"ARTG,Venture",2025-12-19,128.91%,114.86%,14.05%,4.93
"ARTG,Venture",2026-01-22,169.26%,157.39%,11.87%,4.16
"OLA,Toronto",2025-03-27,27.36%,11.99%,15.37%,3.81
"OLA,Toronto",2025-04-28,41.66%,20.97%,20.68%,5.13
"OLA,Toronto",2025-05-28,36.99%,23.23%,13.76%,3.41
"OLA,Toronto",2025-06-26,30.60%,24.16%,6.44%,1.59
"OLA,Toronto",2025-07-22,63.39%,31.77%,31.63%,7.85
"SSRM,Toronto",2025-08-21,56.38%,45.11%,11.28%,3.48
"SSRM,Toronto",2025-09-22,113.10%,81.91%,31.18%,9.65
"SSRM,Toronto",2025-10-22,108.64%,78.14%,30.50%,9.44
"SSRM,Toronto",2026-02-20,177.19%,160.06%,17.14%,5.30
"DSV,Toronto",2025-03-27,35.26%,11.99%,23.26%,5.05
"DSV,Toronto",2025-04-28,66.67%,20.97%,45.69%,10.01
"DSV,Toronto",2025-05-28,105.13%,23.23%,81.90%,18.03
"DSV,Toronto",2025-06-26,100.00%,24.16%,75.84%,16.69
"DSV,Toronto",2025-07-22,132.05%,31.77%,100.28%,22.10
"DSV,Toronto",2025-08-21,150.00%,45.11%,104.89%,23.12
"DSV,Toronto",2025-09-22,237.82%,81.91%,155.91%,34.41
"DSV,Toronto",2025-10-22,207.05%,78.14%,128.91%,28.44
"DSV,Toronto",2025-11-20,269.23%,86.96%,182.28%,40.25
"DSV,Toronto",2025-12-19,438.46%,114.86%,323.61%,71.54
"DSV,Toronto",2026-01-22,601.28%,157.39%,443.89%,98.16
"DSV,Toronto",2026-02-20,540.38%,160.06%,380.33%,84.09
"KNT,Toronto",2025-03-27,22.54%,11.99%,10.54%,3.76
"KNT,Toronto",2025-04-28,26.26%,20.97%,5.28%,1.87
"KNT,Toronto",2025-05-28,40.85%,23.23%,17.62%,6.29
"KNT,Toronto",2025-06-26,54.53%,24.16%,30.37%,10.85
"KNT,Toronto",2025-07-22,53.22%,31.77%,21.45%,7.66
"KNT,Toronto",2025-12-19,132.60%,114.86%,17.74%,6.33
"KNT,Toronto",2026-01-22,176.06%,157.39%,18.67%,6.66
"KNT,Toronto",2026-02-20,193.56%,160.06%,33.50%,11.97
"NG,Toronto",2025-04-28,38.07%,20.97%,17.10%,3.32
"NG,Toronto",2025-07-22,90.83%,31.77%,59.06%,11.56
"NG,Toronto",2025-08-21,90.37%,45.11%,45.26%,8.85
"NG,Toronto",2025-09-22,143.12%,81.91%,61.21%,11.99
"NG,Toronto",2025-10-22,177.98%,78.14%,99.84%,19.58
"NG,Toronto",2025-11-20,166.97%,86.96%,80.02%,15.68
"NG,Toronto",2025-12-19,213.99%,114.86%,99.14%,19.44
"NG,Toronto",2026-01-22,231.65%,157.39%,74.26%,14.55
"NG,Toronto",2026-02-20,238.76%,160.06%,78.70%,15.42
"TXG,Toronto",2025-03-27,17.83%,11.99%,5.84%,1.99
"TXG,Toronto",2025-04-28,35.70%,20.97%,14.72%,4.98
"TXG,Toronto",2025-05-28,37.63%,23.23%,14.40%,4.87
"TXG,Toronto",2025-06-26,35.36%,24.16%,11.20%,3.79
"TXG,Toronto",2025-07-22,36.92%,31.77%,5.16%,1.76
"SKE,Toronto",2025-06-26,46.91%,24.16%,22.75%,7.20
"SKE,Toronto",2025-07-22,57.08%,31.77%,25.32%,8.02
"SKE,Toronto",2025-12-19,124.14%,114.86%,9.28%,2.92
"SKE,Toronto",2026-01-22,196.49%,157.39%,39.10%,12.41
"SKE,Toronto",2026-02-20,230.33%,160.06%,70.27%,22.33
"ARIS,Toronto",2025-03-27,21.60%,11.99%,9.60%,3.03
"ARIS,Toronto",2025-04-28,35.75%,20.97%,14.78%,4.72
"ARIS,Toronto",2025-05-28,62.07%,23.23%,38.84%,12.56
"ARIS,Toronto",2025-06-26,68.24%,24.16%,44.08%,14.27
"ARIS,Toronto",2025-07-22,82.40%,31.77%,50.63%,16.41
"ARIS,Toronto",2025-08-21,77.13%,45.11%,32.03%,10.34
"ARIS,Toronto",2025-09-22,149.73%,81.91%,67.81%,22.01
"ARIS,Toronto",2025-10-22,144.83%,78.14%,66.68%,21.64
"ARIS,Toronto",2025-11-20,190.93%,86.96%,103.97%,33.80
"ARIS,Toronto",2025-12-19,298.55%,114.86%,183.69%,59.79
"ARIS,Toronto",2026-01-22,390.93%,157.39%,233.53%,76.04
"ARIS,Toronto",2026-02-20,422.69%,160.06%,262.63%,85.53
"MAU,Toronto",2025-03-27,27.92%,11.99%,15.92%,4.73
"MAU,Toronto",2025-04-28,54.17%,20.97%,33.19%,10.00
"MAU,Toronto",2025-05-28,88.75%,23.23%,65.52%,19.85
"MAU,Toronto",2025-06-26,89.58%,24.16%,65.43%,19.82
"MAU,Toronto",2025-07-22,92.50%,31.77%,60.73%,18.39
"MAU,Toronto",2025-08-21,123.75%,45.11%,78.64%,23.84
"MAU,Toronto",2025-09-22,182.92%,81.91%,101.00%,30.66
"MAU,Toronto",2025-10-22,190.42%,78.14%,112.27%,34.09
"MAU,Toronto",2025-11-20,192.92%,86.96%,105.96%,32.17
"MAU,Toronto",2025-12-19,301.25%,114.86%,186.39%,56.67
"MAU,Toronto",2026-01-22,414.58%,157.39%,257.19%,78.24
"MAU,Toronto",2026-02-20,535.42%,160.06%,375.36%,114.25
"AAUC,Toronto",2025-05-28,290.76%,23.23%,267.53%,19.89
"AAUC,Toronto",2025-06-26,281.72%,24.16%,257.57%,19.14
"AAUC,Toronto",2025-07-22,294.66%,31.77%,262.89%,19.54
"AAUC,Toronto",2025-08-21,273.72%,45.11%,228.61%,16.98
"AAUC,Toronto",2025-09-22,372.48%,81.91%,290.57%,21.60
"AAUC,Toronto",2025-10-22,405.13%,78.14%,326.99%,24.32
"AAUC,Toronto",2025-11-20,362.83%,86.96%,275.88%,20.51
"AAUC,Toronto",2025-12-19,562.63%,114.86%,447.77%,33.33
"AAUC,Toronto",2026-01-22,768.58%,157.39%,611.19%,45.52
"AAUC,Toronto",2026-02-20,780.90%,160.06%,620.84%,46.24
"CG,Toronto",2025-12-19,132.75%,114.86%,17.90%,6.76
"CG,Toronto",2026-01-22,189.55%,157.39%,32.16%,12.16
"CG,Toronto",2026-02-20,202.56%,160.06%,42.50%,16.08
"PPTA,Toronto",2025-03-27,29.60%,11.99%,17.61%,3.69
"PPTA,Toronto",2025-04-28,62.63%,20.97%,41.66%,8.80
"PPTA,Toronto",2025-05-28,59.61%,23.23%,36.38%,7.68
"PPTA,Toronto",2025-06-26,43.74%,24.16%,19.59%,4.11
"PPTA,Toronto",2025-07-22,98.04%,31.77%,66.27%,14.02
"PPTA,Toronto",2025-08-21,103.11%,45.11%,58.00%,12.26
"PPTA,Toronto",2025-09-22,113.41%,81.91%,31.50%,6.64
"PPTA,Toronto",2025-10-22,170.32%,78.14%,92.17%,19.51
"PPTA,Toronto",2025-11-20,153.97%,86.96%,67.01%,14.17
"PPTA,Toronto",2025-12-19,212.18%,114.86%,97.33%,20.61
"PPTA,Toronto",2026-01-22,293.38%,157.39%,135.99%,28.81
"PPTA,Toronto",2026-02-20,237.53%,160.06%,77.47%,16.39
"SEA,Toronto",2025-07-22,44.75%,31.77%,12.98%,4.06
"SEA,Toronto",2025-09-22,89.62%,81.91%,7.71%,2.40
"SEA,Toronto",2025-10-22,105.44%,78.14%,27.29%,8.58
"SEA,Toronto",2025-11-20,111.56%,86.96%,24.61%,7.73
"SEA,Toronto",2025-12-19,155.50%,114.86%,40.64%,12.78
"SEA,Toronto",2026-01-22,218.56%,157.39%,61.17%,19.26
"SEA,Toronto",2026-02-20,203.56%,160.06%,43.50%,13.69
"EDR,Toronto",2025-09-22,92.01%,81.91%,10.09%,2.28
"EDR,Toronto",2025-10-22,99.47%,78.14%,21.32%,4.86
"EDR,Toronto",2025-12-19,134.10%,114.86%,19.25%,4.39
"EDR,Toronto",2026-01-22,233.04%,157.39%,75.65%,17.35
"EDR,Toronto",2026-02-20,213.32%,160.06%,53.26%,12.20
"FVI,Toronto",2025-03-27,34.84%,11.99%,22.85%,6.86
"FVI,Toronto",2025-04-28,28.36%,20.97%,7.38%,2.21
"FVI,Toronto",2025-06-26,36.65%,24.16%,12.50%,3.75
"FVI,Toronto",2025-07-22,43.44%,31.77%,11.67%,3.50
"FVI,Toronto",2025-08-21,54.15%,45.11%,9.04%,2.71
"WDO,Toronto",2025-03-27,17.05%,11.99%,5.05%,1.85
"WDO,Toronto",2025-05-28,31.06%,23.23%,7.83%,2.84
"WDO,Toronto",2025-06-26,31.19%,24.16%,7.04%,2.56
"USA,Toronto",2025-06-26,59.15%,24.16%,35.00%,3.52
"USA,Toronto",2025-07-22,94.37%,31.77%,62.60%,6.38
"USA,Toronto",2025-08-21,76.06%,45.11%,30.95%,3.10
"USA,Toronto",2025-09-22,514.08%,81.91%,432.17%,44.65
"USA,Toronto",2025-10-22,694.37%,78.14%,616.22%,63.70
"USA,Toronto",2025-11-20,616.90%,86.96%,529.95%,54.77
"USA,Toronto",2025-12-19,970.42%,114.86%,855.57%,88.49
"USA,Toronto",2026-01-22,1550.70%,157.39%,1393.31%,144.17
"USA,Toronto",2026-02-20,1426.76%,160.06%,1266.70%,131.06
"SVM,Toronto",2025-12-19,123.46%,114.86%,8.61%,2.48
"SVM,Toronto",2026-01-22,215.27%,157.39%,57.88%,16.82
"SVM,Toronto",2026-02-20,198.32%,160.06%,38.27%,11.11
"SGD,Toronto",2025-03-27,28.40%,11.99%,16.41%,4.75
"SGD,Toronto",2025-07-22,47.38%,31.77%,15.62%,4.53
"SGD,Toronto",2025-10-22,83.86%,78.14%,5.71%,1.65
"SGD,Toronto",2025-12-19,181.02%,114.86%,66.16%,19.18
"SGD,Toronto",2026-01-22,192.53%,157.39%,35.14%,10.18
"SXGC,Toronto",2025-03-27,38.62%,11.99%,26.63%,7.08
"SXGC,Toronto",2025-04-28,40.42%,20.97%,19.45%,5.16
"SXGC,Toronto",2025-05-28,53.89%,23.23%,30.67%,8.15
"SXGC,Toronto",2025-06-26,92.81%,24.16%,68.66%,18.29
"SXGC,Toronto",2025-07-22,59.88%,31.77%,28.11%,7.47
"SXGC,Toronto",2025-08-21,62.87%,45.11%,17.77%,4.71
"SXGC,Toronto",2025-09-22,106.89%,81.91%,24.97%,6.64
"SXGC,Toronto",2025-10-22,120.96%,78.14%,42.81%,11.39
"SXGC,Toronto",2025-12-19,182.04%,114.86%,67.18%,17.90
"SXGC,Toronto",2026-01-22,223.95%,157.39%,66.56%,17.73
"SXGC,Toronto",2026-02-20,207.78%,160.06%,47.73%,12.71
"ABRA,Toronto",2025-06-26,56.69%,24.16%,32.53%,7.00
"ABRA,Toronto",2025-07-22,86.31%,31.77%,54.54%,11.78
"ABRA,Toronto",2025-08-21,89.17%,45.11%,44.07%,9.51
"ABRA,Toronto",2025-09-22,110.51%,81.91%,28.60%,6.14
"ABRA,Toronto",2025-10-22,90.45%,78.14%,12.30%,2.60
"ABRA,Toronto",2025-11-20,116.56%,86.96%,29.61%,6.36
"ABRA,Toronto",2025-12-19,219.43%,114.86%,104.57%,22.65
"ABRA,Toronto",2026-01-22,327.71%,157.39%,170.32%,36.94
"ABRA,Toronto",2026-02-20,373.25%,160.06%,213.19%,46.25
"CNL,Toronto",2025-03-27,33.66%,11.99%,21.66%,5.77
"CNL,Toronto",2025-04-28,42.39%,20.97%,21.42%,5.70
"CNL,Toronto",2025-05-28,68.28%,23.23%,45.06%,12.01
"CNL,Toronto",2025-06-26,58.79%,24.16%,34.64%,9.23
"CNL,Toronto",2025-07-22,45.09%,31.77%,13.32%,3.54
"CNL,Toronto",2025-08-21,58.04%,45.11%,12.93%,3.44
"CNL,Toronto",2025-09-22,99.78%,81.91%,17.87%,4.76
"ASM,Toronto",2025-03-27,53.01%,11.99%,41.01%,8.58
"ASM,Toronto",2025-04-28,66.12%,20.97%,45.15%,9.45
"ASM,Toronto",2025-05-28,137.16%,23.23%,113.93%,24.01
"ASM,Toronto",2025-06-26,168.31%,24.16%,144.15%,30.41
"ASM,Toronto",2025-07-22,162.84%,31.77%,131.07%,27.64
"ASM,Toronto",2025-08-21,196.72%,45.11%,151.62%,31.99
"ASM,Toronto",2025-09-22,257.92%,81.91%,176.01%,37.15
"ASM,Toronto",2025-10-22,293.99%,78.14%,215.84%,45.58
"ASM,Toronto",2025-11-20,228.42%,86.96%,141.46%,29.84
"ASM,Toronto",2025-12-19,386.89%,114.86%,272.03%,57.48
"ASM,Toronto",2026-01-22,487.98%,157.39%,330.59%,69.87
"ASM,Toronto",2026-02-20,579.23%,160.06%,419.18%,88.62
"VZLA,Toronto",2025-03-27,18.73%,11.99%,6.74%,1.80
"VZLA,Toronto",2025-05-28,42.76%,23.23%,19.53%,5.18
"VZLA,Toronto",2025-06-26,43.11%,24.16%,18.95%,5.02
"VZLA,Toronto",2025-07-22,59.72%,31.77%,27.95%,7.40
"VZLA,Toronto",2025-08-21,69.61%,45.11%,24.51%,6.49
"VZLA,Toronto",2025-09-22,104.24%,81.91%,22.33%,5.91
"VZLA,Toronto",2025-10-22,101.77%,78.14%,23.62%,6.26
"VZLA,Toronto",2025-11-20,98.59%,86.96%,11.63%,3.09
"VZLA,Toronto",2025-12-19,161.13%,114.86%,46.28%,12.23
"VZLA,Toronto",2026-01-22,211.31%,157.39%,53.92%,14.25
"RIO,Toronto",2025-03-27,21.05%,11.99%,9.06%,2.40
"RIO,Toronto",2025-04-28,32.89%,20.97%,11.92%,3.17
"RIO,Toronto",2025-05-28,50.00%,23.23%,26.77%,7.21
"RIO,Toronto",2025-06-26,84.21%,24.16%,60.05%,16.25
"RIO,Toronto",2025-07-22,113.16%,31.77%,81.39%,22.04
"RIO,Toronto",2025-08-21,110.53%,45.11%,65.42%,17.70
"RIO,Toronto",2025-09-22,135.53%,81.91%,53.61%,14.50
"RIO,Toronto",2025-10-22,139.47%,78.14%,61.33%,16.59
"RIO,Toronto",2025-11-20,184.21%,86.96%,97.26%,26.35
"RIO,Toronto",2025-12-19,268.42%,114.86%,153.57%,41.65
"RIO,Toronto",2026-01-22,394.74%,157.39%,237.35%,64.40
"RIO,Toronto",2026-02-20,334.21%,160.06%,174.15%,47.24
"ODV,Venture",2025-03-27,18.89%,11.99%,6.90%,1.89
"ODV,Venture",2025-04-28,30.00%,20.97%,9.03%,2.48
"ODV,Venture",2025-05-28,43.89%,23.23%,20.66%,5.71
"ODV,Venture",2025-06-26,66.67%,24.16%,42.51%,11.76
"ODV,Venture",2025-07-22,86.11%,31.77%,54.34%,15.05
"ODV,Venture",2025-08-21,98.33%,45.11%,53.23%,14.74
"ODV,Venture",2025-09-22,137.78%,81.91%,55.86%,15.47
"ODV,Venture",2025-10-22,172.22%,78.14%,94.08%,26.06
"ODV,Venture",2025-11-20,137.22%,86.96%,50.27%,13.91
"ODV,Venture",2025-12-19,187.78%,114.86%,72.92%,20.19
"ODV,Venture",2026-01-22,195.00%,157.39%,37.61%,10.41
"ODV,Venture",2026-02-20,185.00%,160.06%,24.94%,6.89
"ORE,Toronto",2025-03-27,26.83%,11.99%,14.84%,3.91
"ORE,Toronto",2025-04-28,42.68%,20.97%,21.71%,5.74
"ORE,Toronto",2025-05-28,54.88%,23.23%,31.65%,8.39
"ORE,Toronto",2025-06-26,42.68%,24.16%,18.53%,4.89
"ORE,Toronto",2025-07-22,46.34%,31.77%,14.57%,3.84
"ORE,Toronto",2025-12-19,128.05%,114.86%,13.19%,3.48
"ORE,Toronto",2026-01-22,198.78%,157.39%,41.39%,10.97
"ORE,Toronto",2026-02-20,207.32%,160.06%,47.26%,12.54
"GGD,Toronto",2025-06-26,32.28%,24.16%,8.12%,2.23
"GGD,Toronto",2025-07-22,45.57%,31.77%,13.80%,3.79
"APM,Toronto",2025-05-28,33.33%,23.23%,10.11%,2.14
"APM,Toronto",2025-06-26,91.50%,24.16%,67.35%,14.81
"APM,Toronto",2025-07-22,179.08%,31.77%,147.32%,32.52
"APM,Toronto",2025-08-21,213.73%,45.11%,168.62%,37.23
"APM,Toronto",2025-09-22,375.16%,81.91%,293.25%,64.82
"APM,Toronto",2025-10-22,346.41%,78.14%,268.26%,59.29
"APM,Toronto",2025-11-20,313.07%,86.96%,226.12%,49.96
"APM,Toronto",2025-12-19,558.82%,114.86%,443.97%,98.19
"APM,Toronto",2026-01-22,599.35%,157.39%,441.96%,97.75
"APM,Toronto",2026-02-20,536.60%,160.06%,376.54%,83.26
"OMG,Venture",2025-03-27,18.84%,11.99%,6.85%,1.57
"OMG,Venture",2025-04-28,31.30%,20.97%,10.33%,2.41
"OMG,Venture",2025-05-28,34.78%,23.23%,11.56%,2.70
"OMG,Venture",2025-06-26,53.62%,24.16%,29.47%,7.03
"OMG,Venture",2025-07-22,120.29%,31.77%,88.52%,21.30
"OMG,Venture",2025-08-21,152.17%,45.11%,107.07%,25.78
"OMG,Venture",2025-09-22,227.54%,81.91%,145.62%,35.10
"OMG,Venture",2025-10-22,247.83%,78.14%,169.68%,40.92
"OMG,Venture",2025-11-20,253.62%,86.96%,166.67%,40.19
"OMG,Venture",2025-12-19,317.39%,114.86%,202.54%,48.86
"OMG,Venture",2026-01-22,418.84%,157.39%,261.45%,63.09
"OMG,Venture",2026-02-20,468.12%,160.06%,308.06%,74.36
"SCZ,Venture",2025-05-28,75.00%,23.23%,51.77%,2.56
"SCZ,Venture",2025-06-26,145.00%,24.16%,120.84%,6.11
"SCZ,Venture",2025-07-22,257.50%,31.77%,225.73%,11.49
"SCZ,Venture",2025-08-21,262.50%,45.11%,217.39%,11.06
"SCZ,Venture",2025-09-22,542.50%,81.91%,460.59%,23.55
"SCZ,Venture",2025-10-22,410.00%,78.14%,331.86%,16.94
"SCZ,Venture",2025-11-20,352.50%,86.96%,265.54%,13.54
"SCZ,Venture",2025-12-19,2827.50%,114.86%,2712.64%,139.16
"SCZ,Venture",2026-01-22,4912.50%,157.39%,4755.11%,244.01
"SCZ,Venture",2026-02-20,3725.00%,160.06%,3564.94%,182.91
"GAU,Toronto",2025-08-21,59.89%,45.11%,14.78%,3.32
"GAU,Toronto",2025-09-22,90.66%,81.91%,8.75%,1.96
"GAU,Toronto",2025-10-22,103.85%,78.14%,25.70%,5.77
"ITR,Venture",2025-03-27,18.63%,11.99%,6.64%,1.57
"ITR,Venture",2025-04-28,51.55%,20.97%,30.58%,7.38
"ITR,Venture",2025-05-28,40.37%,23.23%,17.15%,4.12
"ITR,Venture",2025-06-26,33.54%,24.16%,9.38%,2.24
"ITR,Venture",2025-08-21,65.22%,45.11%,20.11%,4.84
"ITR,Venture",2025-09-22,160.87%,81.91%,78.96%,19.12
"ITR,Venture",2025-10-22,145.96%,78.14%,67.82%,16.42
"ITR,Venture",2025-11-20,140.99%,86.96%,54.04%,13.07
"ITR,Venture",2025-12-19,277.64%,114.86%,162.78%,39.46
"ITR,Venture",2026-01-22,283.23%,157.39%,125.84%,30.50
"ITR,Venture",2026-02-20,231.68%,160.06%,71.62%,17.34
"THX,Venture",2025-03-27,20.51%,11.99%,8.52%,2.17
"THX,Venture",2025-04-28,64.10%,20.97%,43.13%,11.19
"THX,Venture",2025-05-28,82.05%,23.23%,58.83%,15.29
"THX,Venture",2025-06-26,100.00%,24.16%,75.84%,19.73
"THX,Venture",2025-07-22,100.00%,31.77%,68.23%,17.74
"THX,Venture",2025-08-21,143.59%,45.11%,98.48%,25.63
"THX,Venture",2025-09-22,215.38%,81.91%,133.47%,34.76
"THX,Venture",2025-10-22,202.56%,78.14%,124.42%,32.40
"THX,Venture",2025-11-20,184.62%,86.96%,97.66%,25.42
"THX,Venture",2025-12-19,233.33%,114.86%,118.48%,30.85
"THX,Venture",2026-01-22,320.51%,157.39%,163.12%,42.49
"THX,Venture",2026-02-20,305.13%,160.06%,145.07%,37.78
"NUAG,Toronto",2025-07-22,57.69%,31.77%,25.93%,5.59
"NUAG,Toronto",2025-09-22,136.54%,81.91%,54.62%,11.83
"NUAG,Toronto",2025-10-22,99.36%,78.14%,21.21%,4.57
"NUAG,Toronto",2025-11-20,95.51%,86.96%,8.56%,1.81
"NUAG,Toronto",2025-12-19,216.03%,114.86%,101.17%,21.95
"NUAG,Toronto",2026-01-22,268.59%,157.39%,111.20%,24.13
"NUAG,Toronto",2026-02-20,260.26%,160.06%,100.20%,21.74
"FF,Toronto",2025-04-28,30.77%,20.97%,9.80%,1.98
"FF,Toronto",2025-06-26,44.23%,24.16%,20.08%,4.13
"FF,Toronto",2025-09-22,130.77%,81.91%,48.86%,10.16
"FF,Toronto",2025-10-22,126.92%,78.14%,48.78%,10.14
"FF,Toronto",2025-11-20,142.31%,86.96%,55.35%,11.52
"FF,Toronto",2025-12-19,338.46%,114.86%,223.61%,46.73
"FF,Toronto",2026-01-22,415.38%,157.39%,257.99%,53.92
"FF,Toronto",2026-02-20,369.23%,160.06%,209.17%,43.71
"MKO,Venture",2025-06-26,31.14%,24.16%,6.98%,2.54
"MKO,Venture",2025-08-21,51.90%,45.11%,6.79%,2.47
"MKO,Venture",2025-10-22,92.41%,78.14%,14.26%,5.18
"GQC,Venture",2025-04-28,35.90%,20.97%,14.92%,2.68
"GQC,Venture",2025-05-28,35.90%,23.23%,12.67%,2.27
"GQC,Venture",2025-06-26,107.69%,24.16%,83.54%,15.39
"GQC,Venture",2025-07-22,82.05%,31.77%,50.28%,9.23
"GQC,Venture",2025-08-21,74.36%,45.11%,29.25%,5.34
"GQC,Venture",2025-09-22,143.59%,81.91%,61.68%,11.34
"GQC,Venture",2025-10-22,223.08%,78.14%,144.93%,26.75
"GQC,Venture",2025-11-20,269.23%,86.96%,182.28%,33.67
"GQC,Venture",2025-12-19,284.62%,114.86%,169.76%,31.35
"GQC,Venture",2026-01-22,500.00%,157.39%,342.61%,63.35
"GQC,Venture",2026-02-20,500.00%,160.06%,339.94%,62.85
"TAU,Venture",2025-05-28,33.33%,23.23%,10.11%,2.38
"TAU,Venture",2025-06-26,33.33%,24.16%,9.18%,2.15
"TAU,Venture",2025-09-22,105.13%,81.91%,23.21%,5.53
"TAU,Venture",2025-10-22,124.36%,78.14%,46.21%,11.07
"TAU,Venture",2025-11-20,101.28%,86.96%,14.33%,3.39
"TAU,Venture",2025-12-19,194.87%,114.86%,80.02%,19.21
"TAU,Venture",2026-01-22,278.21%,157.39%,120.81%,29.03
"TAU,Venture",2026-02-20,300.00%,160.06%,139.94%,33.64
"FVL,Toronto",2025-06-26,42.86%,24.16%,18.70%,4.59
"HSTR,Venture",2025-04-28,29.89%,20.97%,8.91%,2.14
"HSTR,Venture",2025-05-28,55.17%,23.23%,31.95%,7.77
"HSTR,Venture",2025-07-22,54.02%,31.77%,22.26%,5.40
"HSTR,Venture",2025-09-22,117.24%,81.91%,35.33%,8.60
"HSTR,Venture",2025-10-22,110.34%,78.14%,32.20%,7.83
"HSTR,Venture",2025-11-20,144.83%,86.96%,57.87%,14.11
"HSTR,Venture",2025-12-19,228.74%,114.86%,113.88%,27.80
"HSTR,Venture",2026-01-22,240.23%,157.39%,82.84%,20.21
"HSTR,Venture",2026-02-20,227.59%,160.06%,67.53%,16.47
"JAG,Toronto",2025-05-28,39.33%,23.23%,16.10%,4.34
"JAG,Toronto",2025-07-22,55.06%,31.77%,23.29%,6.29
"JAG,Toronto",2025-08-21,69.66%,45.11%,24.56%,6.64
"JAG,Toronto",2025-09-22,122.10%,81.91%,40.18%,10.88
"JAG,Toronto",2025-10-22,132.21%,78.14%,54.06%,14.66
"JAG,Toronto",2025-11-20,107.87%,86.96%,20.91%,5.64
"JAG,Toronto",2025-12-19,178.65%,114.86%,63.80%,17.30
"JAG,Toronto",2026-01-22,233.33%,157.39%,75.94%,20.60
"JAG,Toronto",2026-02-20,229.96%,160.06%,69.90%,18.96
"TRX,Toronto",2025-10-22,125.00%,78.14%,46.86%,9.07
"TRX,Toronto",2025-11-20,102.27%,86.96%,15.32%,2.91
"TRX,Toronto",2025-12-19,184.09%,114.86%,69.24%,13.44
"TRX,Toronto",2026-01-22,215.91%,157.39%,58.52%,11.35
"TRX,Toronto",2026-02-20,461.36%,160.06%,301.30%,58.77
"LGD,Toronto",2025-09-22,103.23%,81.91%,21.31%,5.18
"LGD,Toronto",2025-10-22,122.58%,78.14%,44.44%,10.87
"LGD,Toronto",2025-11-20,148.39%,86.96%,61.43%,15.05
"LGD,Toronto",2025-12-19,174.19%,114.86%,59.34%,14.53
"LGD,Toronto",2026-01-22,254.84%,157.39%,97.45%,23.90
"LGD,Toronto",2026-02-20,325.81%,160.06%,165.75%,40.70
"MAI,Venture",2026-01-22,1877.78%,157.39%,1720.39%,30.59
"MAI,Venture",2026-02-20,1747.62%,160.06%,1587.56%,28.22
"DV,Venture",2025-04-28,302.13%,20.97%,281.15%,14.51
"DV,Venture",2025-05-28,331.91%,23.23%,308.69%,15.93
"DV,Venture",2025-06-26,391.49%,24.16%,367.33%,18.97
"DV,Venture",2025-07-22,489.36%,31.77%,457.59%,23.65
"DV,Venture",2025-08-21,412.77%,45.11%,367.66%,18.99
"DV,Venture",2025-09-22,580.85%,81.91%,498.94%,25.79
"DV,Venture",2025-10-22,538.30%,78.14%,460.15%,23.78
"DV,Venture",2025-11-20,437.23%,86.96%,350.28%,18.09
"DV,Venture",2025-12-19,591.49%,114.86%,476.63%,24.63
"DV,Venture",2026-01-22,731.91%,157.39%,574.52%,29.70
"DV,Venture",2026-02-20,575.53%,160.06%,415.47%,21.46
"CAMB,Venture",2026-01-22,1709.52%,157.39%,1552.13%,3.81
"CAMB,Venture",2026-02-20,1538.10%,160.06%,1378.04%,3.37
"BRC,Venture",2025-06-26,41.18%,24.16%,17.02%,3.32
"BRC,Venture",2025-07-22,79.41%,31.77%,47.64%,9.41
"BRC,Venture",2025-08-21,73.53%,45.11%,28.42%,5.59
"BRC,Venture",2025-09-22,170.59%,81.91%,88.67%,17.57
"BRC,Venture",2025-12-19,220.59%,114.86%,105.73%,20.97
"BRC,Venture",2026-01-22,408.82%,157.39%,251.43%,49.95
"BRC,Venture",2026-02-20,367.65%,160.06%,207.59%,41.23
"SLVR,Venture",2025-06-26,36.23%,24.16%,12.08%,2.31
"SLVR,Venture",2025-07-22,91.30%,31.77%,59.54%,11.50
"SLVR,Venture",2025-08-21,85.51%,45.11%,40.40%,7.80
"SLVR,Venture",2025-09-22,128.99%,81.91%,47.07%,9.09
"SLVR,Venture",2025-10-22,100.00%,78.14%,21.86%,4.21
"SLVR,Venture",2025-11-20,100.00%,86.96%,13.04%,2.50
"SLVR,Venture",2026-01-22,253.62%,157.39%,96.23%,18.61
"SLVR,Venture",2026-02-20,184.06%,160.06%,24.00%,4.62
"BSX,Toronto",2025-06-26,70.73%,24.16%,46.58%,5.92
"BSX,Toronto",2025-07-22,56.10%,31.77%,24.33%,3.06
"BSX,Toronto",2025-12-19,148.78%,114.86%,33.92%,4.30
"BSX,Toronto",2026-01-22,226.83%,157.39%,69.44%,8.86
"BSX,Toronto",2026-02-20,465.85%,160.06%,305.79%,39.24
"STGO,Toronto",2025-06-26,76.39%,24.16%,52.23%,13.60
"STGO,Toronto",2025-07-22,81.94%,31.77%,50.18%,13.07
"STGO,Toronto",2025-08-21,94.44%,45.11%,49.34%,12.85
"STGO,Toronto",2025-09-22,158.33%,81.91%,76.42%,19.91
"STGO,Toronto",2025-10-22,158.33%,78.14%,80.19%,20.90
"STGO,Toronto",2025-11-20,130.56%,86.96%,43.60%,11.35
"STGO,Toronto",2025-12-19,165.28%,114.86%,50.42%,13.13
"STGO,Toronto",2026-01-22,205.56%,157.39%,48.16%,12.54
"STGO,Toronto",2026-02-20,191.67%,160.06%,31.61%,8.22
"GGA,Venture",2025-03-27,68.18%,11.99%,56.19%,9.73
"GGA,Venture",2025-04-28,127.27%,20.97%,106.30%,18.44
"GGA,Venture",2025-05-28,118.18%,23.23%,94.96%,16.47
"GGA,Venture",2025-06-26,120.45%,24.16%,96.30%,16.70
"GGA,Venture",2025-07-22,152.27%,31.77%,120.51%,20.91
"GGA,Venture",2025-08-21,138.64%,45.11%,93.53%,16.22
"GGA,Venture",2025-09-22,136.36%,81.91%,54.45%,9.43
"GGA,Venture",2025-10-22,170.45%,78.14%,92.31%,16.01
"GGA,Venture",2025-11-20,161.36%,86.96%,74.41%,12.90
"GGA,Venture",2025-12-19,227.27%,114.86%,112.42%,19.50
"GGA,Venture",2026-01-22,320.45%,157.39%,163.06%,28.31
"GGA,Venture",2026-02-20,252.27%,160.06%,92.21%,15.99
"SVRS,Venture",2025-07-22,50.00%,31.77%,18.23%,2.61
"SVRS,Venture",2025-08-21,64.29%,45.11%,19.18%,2.74
"SVRS,Venture",2025-12-19,250.00%,114.86%,135.14%,19.78
"SVRS,Venture",2026-01-22,314.29%,157.39%,156.89%,22.98
"SVRS,Venture",2026-02-20,435.71%,160.06%,275.66%,40.42
"WRLG,Venture",2025-05-28,31.82%,23.23%,8.59%,2.42
"WRLG,Venture",2025-06-26,33.33%,24.16%,9.18%,2.58
"BYN,Venture",2025-08-21,78.33%,45.11%,33.23%,7.01
"BYN,Venture",2025-09-22,208.33%,81.91%,126.42%,26.86
"BYN,Venture",2025-10-22,200.00%,78.14%,121.86%,25.89
"BYN,Venture",2025-11-20,220.83%,86.96%,133.88%,28.45
"BYN,Venture",2025-12-19,304.17%,114.86%,189.31%,40.26
"BYN,Venture",2026-01-22,441.67%,157.39%,284.28%,60.50
"BYN,Venture",2026-02-20,420.83%,160.06%,260.77%,55.49
"NEXG,Venture",2025-09-22,135.94%,81.91%,54.02%,14.27
"NEXG,Venture",2025-10-22,101.56%,78.14%,23.42%,6.17
"NEXG,Venture",2025-11-20,107.81%,86.96%,20.86%,5.49
"NEXG,Venture",2025-12-19,165.62%,114.86%,50.77%,13.41
"NEXG,Venture",2026-01-22,203.12%,157.39%,45.73%,12.07
"NEXG,Venture",2026-02-20,198.44%,160.06%,38.38%,10.13
"GSVR,Venture",2025-06-26,44.44%,24.16%,20.29%,3.33
"GSVR,Venture",2025-07-22,88.89%,31.77%,57.12%,9.48
"GSVR,Venture",2025-08-21,55.56%,45.11%,10.45%,1.69
"GSVR,Venture",2025-09-22,200.00%,81.91%,118.09%,19.65
"GSVR,Venture",2025-10-22,105.56%,78.14%,27.41%,4.52
"GSVR,Venture",2025-12-19,261.11%,114.86%,146.26%,24.36
"GSVR,Venture",2026-01-22,444.44%,157.39%,287.05%,47.86
"GSVR,Venture",2026-02-20,322.22%,160.06%,162.16%,27.01
"SM,Venture",2025-06-26,35.19%,24.16%,11.03%,2.02
"SM,Venture",2025-07-22,59.26%,31.77%,27.49%,5.11
"SM,Venture",2025-08-21,53.70%,45.11%,8.60%,1.56
"SM,Venture",2025-09-22,105.56%,81.91%,23.64%,4.39
"SM,Venture",2025-10-22,146.30%,78.14%,68.15%,12.76
"SM,Venture",2025-11-20,100.00%,86.96%,13.04%,2.40
"SM,Venture",2025-12-19,157.41%,114.86%,42.55%,7.94
"SM,Venture",2026-01-22,400.00%,157.39%,242.61%,45.57
"SM,Venture",2026-02-20,329.63%,160.06%,169.57%,31.83
"MMY,Venture",2025-10-22,172.97%,78.14%,94.83%,19.69
"MMY,Venture",2025-11-20,175.68%,86.96%,88.72%,18.42
"MMY,Venture",2025-12-19,202.70%,114.86%,87.85%,18.23
"MMY,Venture",2026-01-22,237.84%,157.39%,80.45%,16.70
"MMY,Venture",2026-02-20,240.54%,160.06%,80.48%,16.70
"TSK,Toronto",2025-03-27,28.89%,11.99%,16.90%,3.23
"TSK,Toronto",2025-04-28,33.33%,20.97%,12.36%,2.34
"TSK,Toronto",2025-09-22,175.56%,81.91%,93.64%,18.19
"TSK,Toronto",2025-10-22,213.33%,78.14%,135.19%,26.30
"TSK,Toronto",2025-11-20,180.00%,86.96%,93.04%,18.08
"TSK,Toronto",2025-12-19,188.89%,114.86%,74.03%,14.37
"TSK,Toronto",2026-01-22,331.11%,157.39%,173.72%,33.81
"TSK,Toronto",2026-02-20,386.67%,160.06%,226.61%,44.13
"PTM,Toronto",2025-10-22,86.44%,78.14%,8.30%,1.74
"PGDC,Venture",2025-04-28,75.00%,20.97%,54.03%,4.24
"PGDC,Venture",2025-05-28,50.00%,23.23%,26.77%,2.04
"PGDC,Venture",2025-06-26,75.00%,24.16%,50.84%,3.98
"PGDC,Venture",2025-07-22,75.00%,31.77%,43.23%,3.37
"PGDC,Venture",2025-08-21,75.00%,45.11%,29.89%,2.29
"PGDC,Venture",2025-09-22,300.00%,81.91%,218.09%,17.48
"PGDC,Venture",2025-10-22,200.00%,78.14%,121.86%,9.71
"PGDC,Venture",2025-11-20,400.00%,86.96%,313.04%,25.14
"PGDC,Venture",2025-12-19,400.00%,114.86%,285.14%,22.89
"PGDC,Venture",2026-01-22,2300.00%,157.39%,2142.61%,172.73
"PGDC,Venture",2026-02-20,1800.00%,160.06%,1639.94%,132.18
"WGO,Venture",2025-04-28,76.19%,20.97%,55.22%,10.62
"WGO,Venture",2025-06-26,52.38%,24.16%,28.23%,5.38
"WGO,Venture",2025-07-22,45.24%,31.77%,13.47%,2.51
"WGO,Venture",2025-08-21,123.81%,45.11%,78.70%,15.19
"WGO,Venture",2025-09-22,314.29%,81.91%,232.37%,45.07
"WGO,Venture",2025-10-22,376.19%,78.14%,298.05%,57.85
"WGO,Venture",2025-11-20,328.57%,86.96%,241.62%,46.87
"WGO,Venture",2025-12-19,490.48%,114.86%,375.62%,72.93
"WGO,Venture",2026-01-22,747.62%,157.39%,590.23%,114.66
"WGO,Venture",2026-02-20,747.62%,160.06%,587.56%,114.14
"RDS,Venture",2025-07-22,44.12%,31.77%,12.35%,2.42
"RDS,Venture",2025-09-22,114.71%,81.91%,32.79%,6.45
"RDS,Venture",2025-10-22,102.94%,78.14%,24.80%,4.87
"RDS,Venture",2025-11-20,117.65%,86.96%,30.69%,6.03
"RDS,Venture",2025-12-19,144.12%,114.86%,29.26%,5.75
"SIG,Venture",2025-03-27,36.00%,11.99%,24.01%,4.92
"SIG,Venture",2025-04-28,57.33%,20.97%,36.36%,7.47
"SIG,Venture",2025-06-26,44.00%,24.16%,19.84%,4.07
"SIG,Venture",2025-07-22,76.00%,31.77%,44.23%,9.09
"SIG,Venture",2025-08-21,94.67%,45.11%,49.56%,10.18
"SIG,Venture",2025-09-22,190.67%,81.91%,108.75%,22.36
"SIG,Venture",2025-10-22,177.33%,78.14%,99.19%,20.39
"SIG,Venture",2025-11-20,164.00%,86.96%,77.04%,15.84
"SIG,Venture",2025-12-19,172.00%,114.86%,57.14%,11.74
"AUMB,Venture",2025-09-22,185.71%,81.91%,103.80%,14.84
"AUMB,Venture",2025-10-22,323.81%,78.14%,245.66%,35.22
"AUMB,Venture",2025-11-20,271.43%,86.96%,184.47%,26.43
"AUMB,Venture",2025-12-19,342.86%,114.86%,228.00%,32.68
"AUMB,Venture",2026-01-22,519.05%,157.39%,361.66%,51.88
"AUMB,Venture",2026-02-20,414.29%,160.06%,254.23%,36.45
"DBG,Venture",2025-03-27,35.59%,11.99%,23.60%,4.09
"BCM,Venture",2026-01-22,179.31%,157.39%,21.92%,2.70
"BCM,Venture",2026-02-20,255.17%,160.06%,95.11%,11.90
"ELO,Toronto",2025-06-26,34.04%,24.16%,9.89%,1.78
"ELO,Toronto",2025-07-22,60.64%,31.77%,28.87%,5.26
"ELO,Toronto",2025-12-19,159.57%,114.86%,44.72%,8.16
"ELO,Toronto",2026-01-22,250.00%,157.39%,92.61%,16.95
"ELO,Toronto",2026-02-20,230.85%,160.06%,70.79%,12.95
"AAG,Venture",2025-06-26,37.25%,24.16%,13.10%,2.32
"AAG,Venture",2025-07-22,74.51%,31.77%,42.74%,7.59
"AAG,Venture",2025-09-22,107.84%,81.91%,25.93%,4.60
